batter,againstTeam,batsman_run
A Ashish Reddy,Chennai Super Kings,3
A Ashish Reddy,Delhi Daredevils,1
A Ashish Reddy,Kings XI Punjab,2
A Ashish Reddy,Kolkata Knight Riders,1
A Ashish Reddy,Mumbai Indians,2
A Ashish Reddy,Pune Warriors,1
A Ashish Reddy,Rajasthan Royals,1
A Ashish Reddy,Royal Challengers Bangalore,4
A Badoni,Chennai Super Kings,2
A Badoni,Delhi Capitals,1
A Badoni,Gujarat Titans,3
A Badoni,Mumbai Indians,1
A Choudhary,Sunrisers Hyderabad,1
A Flintoff,Mumbai Indians,1
A Flintoff,Royal Challengers Bangalore,1
A Manohar,Rajasthan Royals,2
A Manohar,Sunrisers Hyderabad,1
A Mishra,Chennai Super Kings,1
A Mishra,Kolkata Knight Riders,1
A Mishra,Mumbai Indians,1
A Mishra,Rising Pune Supergiants,1
A Mishra,Royal Challengers Bangalore,1
A Mithun,Kings XI Punjab,1
A Nehra,Deccan Chargers,1
AA Jhunjhunwala,Chennai Super Kings,1
AA Jhunjhunwala,Delhi Daredevils,1
AA Jhunjhunwala,Kings XI Punjab,1
AA Jhunjhunwala,Mumbai Indians,2
AB Agarkar,Deccan Chargers,1
AB Agarkar,Delhi Daredevils,2
AB Agarkar,Rajasthan Royals,2
AB Barath,Mumbai Indians,1
AB McDonald,Delhi Daredevils,2
AB McDonald,Mumbai Indians,1
AB McDonald,Royal Challengers Bangalore,1
AB de Villiers,Chennai Super Kings,25
AB de Villiers,Deccan Chargers,6
AB de Villiers,Delhi Capitals,10
AB de Villiers,Delhi Daredevils,20
AB de Villiers,Gujarat Lions,17
AB de Villiers,Kings XI Punjab,42
AB de Villiers,Kochi Tuskers Kerala,5
AB de Villiers,Kolkata Knight Riders,25
AB de Villiers,Mumbai Indians,36
AB de Villiers,Pune Warriors,10
AB de Villiers,Punjab Kings,2
AB de Villiers,Rajasthan Royals,24
AB de Villiers,Rising Pune Supergiants,6
AB de Villiers,Sunrisers Hyderabad,25
AC Blizzard,Kolkata Knight Riders,2
AC Gilchrist,Chennai Super Kings,11
AC Gilchrist,Deccan Chargers,5
AC Gilchrist,Delhi Daredevils,15
AC Gilchrist,Kings XI Punjab,5
AC Gilchrist,Kolkata Knight Riders,9
AC Gilchrist,Mumbai Indians,16
AC Gilchrist,Pune Warriors,1
AC Gilchrist,Rajasthan Royals,9
AC Gilchrist,Royal Challengers Bangalore,21
AC Thomas,Deccan Chargers,1
AC Voges,Kings XI Punjab,1
AC Voges,Kolkata Knight Riders,2
AD Hales,Delhi Daredevils,3
AD Hales,Royal Challengers Bangalore,3
AD Mascarenhas,Delhi Daredevils,1
AD Mathews,Chennai Super Kings,2
AD Mathews,Deccan Chargers,4
AD Mathews,Delhi Daredevils,4
AD Mathews,Kolkata Knight Riders,10
AD Mathews,Mumbai Indians,2
AD Mathews,Rajasthan Royals,1
AD Mathews,Royal Challengers Bangalore,4
AD Mathews,Sunrisers Hyderabad,2
AD Nath,Chennai Super Kings,1
AD Nath,Kolkata Knight Riders,1
AD Russell,Chennai Super Kings,26
AD Russell,Delhi Capitals,15
AD Russell,Delhi Daredevils,11
AD Russell,Gujarat Titans,6
AD Russell,Kings XI Punjab,17
AD Russell,Lucknow Super Giants,5
AD Russell,Mumbai Indians,15
AD Russell,Punjab Kings,8
AD Russell,Rajasthan Royals,15
AD Russell,Rising Pune Supergiants,2
AD Russell,Royal Challengers Bangalore,38
AD Russell,Sunrisers Hyderabad,17
AF Milne,Chennai Super Kings,1
AJ Finch,Chennai Super Kings,4
AJ Finch,Delhi Daredevils,12
AJ Finch,Kings XI Punjab,5
AJ Finch,Kolkata Knight Riders,16
AJ Finch,Mumbai Indians,5
AJ Finch,Pune Warriors,2
AJ Finch,Rajasthan Royals,8
AJ Finch,Rising Pune Supergiants,5
AJ Finch,Royal Challengers Bangalore,12
AJ Finch,Sunrisers Hyderabad,9
AJ Tye,Delhi Capitals,1
AJ Tye,Kings XI Punjab,1
AJ Tye,Kolkata Knight Riders,1
AJ Tye,Mumbai Indians,2
AK Markram,Chennai Super Kings,3
AK Markram,Delhi Capitals,3
AK Markram,Gujarat Titans,3
AK Markram,Kolkata Knight Riders,8
AK Markram,Punjab Kings,1
AK Markram,Rajasthan Royals,3
AK Markram,Royal Challengers Bangalore,2
AL Menaria,Chennai Super Kings,1
AL Menaria,Deccan Chargers,2
AL Menaria,Delhi Daredevils,3
AL Menaria,Kings XI Punjab,3
AL Menaria,Kochi Tuskers Kerala,1
AL Menaria,Kolkata Knight Riders,3
AL Menaria,Mumbai Indians,2
AL Menaria,Pune Warriors,3
AM Nayar,Chennai Super Kings,8
AM Nayar,Deccan Chargers,6
AM Nayar,Kings XI Punjab,3
AM Nayar,Rajasthan Royals,2
AM Nayar,Royal Challengers Bangalore,1
AM Rahane,Chennai Super Kings,4
AM Rahane,Deccan Chargers,1
AM Rahane,Delhi Capitals,3
AM Rahane,Delhi Daredevils,13
AM Rahane,Kings XI Punjab,8
AM Rahane,Kolkata Knight Riders,12
AM Rahane,Mumbai Indians,12
AM Rahane,Pune Warriors,2
AM Rahane,Royal Challengers Bangalore,13
AM Rahane,Sunrisers Hyderabad,12
AN Ahmed,Royal Challengers Bangalore,1
AP Dole,Mumbai Indians,1
AP Majumdar,Rajasthan Royals,2
AP Tare,Delhi Daredevils,2
AP Tare,Kings XI Punjab,3
AP Tare,Kolkata Knight Riders,1
AP Tare,Rajasthan Royals,5
AR Patel,Chennai Super Kings,6
AR Patel,Delhi Daredevils,8
AR Patel,Gujarat Lions,2
AR Patel,Kolkata Knight Riders,6
AR Patel,Lucknow Super Giants,3
AR Patel,Mumbai Indians,12
AR Patel,Rajasthan Royals,2
AR Patel,Rising Pune Supergiants,2
AR Patel,Royal Challengers Bangalore,7
AR Patel,Sunrisers Hyderabad,6
AS Rajpoot,Kolkata Knight Riders,1
AS Raut,Chennai Super Kings,2
AS Raut,Kolkata Knight Riders,2
AS Raut,Mumbai Indians,2
AS Raut,Royal Challengers Bangalore,1
AS Yadav,Kolkata Knight Riders,1
AS Yadav,Royal Challengers Bangalore,1
AT Carey,Rajasthan Royals,1
AT Rayudu,Chennai Super Kings,15
AT Rayudu,Deccan Chargers,2
AT Rayudu,Delhi Capitals,8
AT Rayudu,Delhi Daredevils,18
AT Rayudu,Gujarat Lions,1
AT Rayudu,Gujarat Titans,2
AT Rayudu,Kings XI Punjab,9
AT Rayudu,Kochi Tuskers Kerala,4
AT Rayudu,Kolkata Knight Riders,13
AT Rayudu,Lucknow Super Giants,2
AT Rayudu,Mumbai Indians,18
AT Rayudu,Pune Warriors,1
AT Rayudu,Punjab Kings,6
AT Rayudu,Rajasthan Royals,16
AT Rayudu,Rising Pune Supergiants,1
AT Rayudu,Royal Challengers Bangalore,29
AT Rayudu,Sunrisers Hyderabad,19
AUK Pathan,Chennai Super Kings,1
AUK Pathan,Kings XI Punjab,1
Abdul Samad,Chennai Super Kings,1
Abdul Samad,Delhi Capitals,4
Abdul Samad,Kolkata Knight Riders,6
Abdul Samad,Mumbai Indians,2
Abdul Samad,Rajasthan Royals,1
Abhishek Sharma,Chennai Super Kings,6
Abhishek Sharma,Gujarat Titans,3
Abhishek Sharma,Kings XI Punjab,1
Abhishek Sharma,Kolkata Knight Riders,2
Abhishek Sharma,Mumbai Indians,2
Abhishek Sharma,Punjab Kings,3
Abhishek Sharma,Rajasthan Royals,1
Abhishek Sharma,Royal Challengers Bangalore,7
Anirudh Singh,Royal Challengers Bangalore,1
Ankit Sharma,Chennai Super Kings,3
Ankit Sharma,Gujarat Lions,1
Ankit Soni,Mumbai Indians,1
Anmolpreet Singh,Chennai Super Kings,1
Anuj Rawat,Mumbai Indians,6
Anuj Rawat,Punjab Kings,1
Anureet Singh,Delhi Daredevils,1
Avesh Khan,Gujarat Titans,2
Avesh Khan,Rajasthan Royals,1
Azhar Mahmood,Chennai Super Kings,2
Azhar Mahmood,Deccan Chargers,1
Azhar Mahmood,Delhi Daredevils,1
Azhar Mahmood,Mumbai Indians,5
Azhar Mahmood,Rajasthan Royals,1
Azhar Mahmood,Royal Challengers Bangalore,3
B Akhil,Deccan Chargers,3
B Akhil,Delhi Daredevils,2
B Chipli,Chennai Super Kings,1
B Chipli,Delhi Daredevils,1
B Chipli,Kolkata Knight Riders,1
B Chipli,Pune Warriors,1
B Chipli,Royal Challengers Bangalore,3
B Kumar,Chennai Super Kings,1
B Kumar,Kolkata Knight Riders,1
B Kumar,Rising Pune Supergiants,1
B Lee,Deccan Chargers,1
B Lee,Delhi Daredevils,3
B Lee,Mumbai Indians,1
B Lee,Rajasthan Royals,2
B Lee,Royal Challengers Bangalore,1
B Sai Sudharsan,Mumbai Indians,1
B Sai Sudharsan,Punjab Kings,2
BA Bhatt,Kolkata Knight Riders,1
BA Stokes,Chennai Super Kings,5
BA Stokes,Delhi Daredevils,3
BA Stokes,Gujarat Lions,7
BA Stokes,Kings XI Punjab,7
BA Stokes,Kolkata Knight Riders,2
BA Stokes,Mumbai Indians,4
BA Stokes,Royal Challengers Bangalore,1
BA Stokes,Sunrisers Hyderabad,3
BB McCullum,Chennai Super Kings,9
BB McCullum,Deccan Chargers,1
BB McCullum,Delhi Daredevils,10
BB McCullum,Kings XI Punjab,12
BB McCullum,Kolkata Knight Riders,19
BB McCullum,Mumbai Indians,17
BB McCullum,Pune Warriors,1
BB McCullum,Rajasthan Royals,9
BB McCullum,Rising Pune Supergiants,10
BB McCullum,Royal Challengers Bangalore,30
BB McCullum,Sunrisers Hyderabad,12
BB Samantray,Pune Warriors,1
BB Samantray,Rajasthan Royals,1
BCJ Cutting,Delhi Daredevils,4
BCJ Cutting,Kings XI Punjab,2
BCJ Cutting,Kolkata Knight Riders,4
BCJ Cutting,Rajasthan Royals,2
BCJ Cutting,Royal Challengers Bangalore,7
BJ Haddin,Royal Challengers Bangalore,1
BJ Hodge,Chennai Super Kings,7
BJ Hodge,Deccan Chargers,3
BJ Hodge,Delhi Daredevils,1
BJ Hodge,Kings XI Punjab,6
BJ Hodge,Kolkata Knight Riders,5
BJ Hodge,Mumbai Indians,9
BJ Hodge,Pune Warriors,2
BJ Hodge,Rajasthan Royals,2
BJ Hodge,Royal Challengers Bangalore,3
BJ Hodge,Sunrisers Hyderabad,5
BJ Rohrer,Kings XI Punjab,3
BJ Rohrer,Kolkata Knight Riders,1
BJ Rohrer,Rajasthan Royals,1
Basil Thampi,Sunrisers Hyderabad,1
Bipul Sharma,Gujarat Lions,3
Bipul Sharma,Kolkata Knight Riders,4
Bipul Sharma,Pune Warriors,2
C Munro,Chennai Super Kings,2
C Munro,Kolkata Knight Riders,2
C Munro,Sunrisers Hyderabad,4
C de Grandhomme,Kolkata Knight Riders,1
C de Grandhomme,Mumbai Indians,4
C de Grandhomme,Rising Pune Supergiants,2
C de Grandhomme,Royal Challengers Bangalore,2
C de Grandhomme,Sunrisers Hyderabad,9
CA Ingram,Kings XI Punjab,1
CA Ingram,Kolkata Knight Riders,1
CA Ingram,Mumbai Indians,1
CA Ingram,Royal Challengers Bangalore,2
CA Lynn,Chennai Super Kings,8
CA Lynn,Delhi Daredevils,1
CA Lynn,Gujarat Lions,8
CA Lynn,Kings XI Punjab,12
CA Lynn,Mumbai Indians,10
CA Lynn,Rajasthan Royals,4
CA Lynn,Royal Challengers Bangalore,14
CA Lynn,Sunrisers Hyderabad,9
CA Pujara,Kolkata Knight Riders,1
CA Pujara,Rajasthan Royals,1
CA Pujara,Royal Challengers Bangalore,2
CH Gayle,Chennai Super Kings,30
CH Gayle,Deccan Chargers,5
CH Gayle,Delhi Capitals,9
CH Gayle,Delhi Daredevils,29
CH Gayle,Gujarat Lions,7
CH Gayle,Kings XI Punjab,61
CH Gayle,Kochi Tuskers Kerala,5
CH Gayle,Kolkata Knight Riders,54
CH Gayle,Mumbai Indians,45
CH Gayle,Pune Warriors,36
CH Gayle,Rajasthan Royals,31
CH Gayle,Royal Challengers Bangalore,14
CH Gayle,Sunrisers Hyderabad,33
CH Morris,Chennai Super Kings,1
CH Morris,Delhi Capitals,4
CH Morris,Delhi Daredevils,1
CH Morris,Gujarat Lions,8
CH Morris,Kings XI Punjab,6
CH Morris,Mumbai Indians,3
CH Morris,Rajasthan Royals,1
CH Morris,Rising Pune Supergiants,5
CH Morris,Royal Challengers Bangalore,1
CH Morris,Sunrisers Hyderabad,5
CJ Anderson,Chennai Super Kings,5
CJ Anderson,Delhi Daredevils,1
CJ Anderson,Gujarat Lions,2
CJ Anderson,Kings XI Punjab,6
CJ Anderson,Kolkata Knight Riders,4
CJ Anderson,Rajasthan Royals,9
CJ Anderson,Royal Challengers Bangalore,1
CJ Anderson,Sunrisers Hyderabad,3
CJ Jordan,Kolkata Knight Riders,3
CK Langeveldt,Kings XI Punjab,1
CL White,Chennai Super Kings,4
CL White,Deccan Chargers,4
CL White,Delhi Daredevils,3
CL White,Kings XI Punjab,1
CL White,Kochi Tuskers Kerala,1
CL White,Kolkata Knight Riders,2
CL White,Mumbai Indians,6
CL White,Pune Warriors,9
CL White,Royal Challengers Bangalore,8
CM Gautam,Kings XI Punjab,2
CM Gautam,Pune Warriors,1
CM Gautam,Royal Challengers Bangalore,3
CR Brathwaite,Chennai Super Kings,7
CR Brathwaite,Kings XI Punjab,1
CR Brathwaite,Kolkata Knight Riders,5
CR Brathwaite,Rising Pune Supergiants,3
CR Woakes,Kings XI Punjab,1
CR Woakes,Mumbai Indians,1
D Brevis,Delhi Capitals,3
D Brevis,Kolkata Knight Riders,2
D Brevis,Lucknow Super Giants,1
D Brevis,Punjab Kings,5
D Padikkal,Chennai Super Kings,7
D Padikkal,Delhi Capitals,4
D Padikkal,Gujarat Titans,2
D Padikkal,Kings XI Punjab,1
D Padikkal,Kolkata Knight Riders,2
D Padikkal,Lucknow Super Giants,2
D Padikkal,Mumbai Indians,3
D Padikkal,Punjab Kings,3
D Padikkal,Rajasthan Royals,7
D Padikkal,Royal Challengers Bangalore,3
D Padikkal,Sunrisers Hyderabad,2
D Pretorius,Mumbai Indians,1
D Pretorius,Punjab Kings,1
D Pretorius,Royal Challengers Bangalore,1
D Wiese,Chennai Super Kings,2
D Wiese,Mumbai Indians,2
DA Miller,Chennai Super Kings,15
DA Miller,Deccan Chargers,1
DA Miller,Delhi Capitals,4
DA Miller,Delhi Daredevils,8
DA Miller,Gujarat Lions,1
DA Miller,Kolkata Knight Riders,10
DA Miller,Lucknow Super Giants,3
DA Miller,Mumbai Indians,13
DA Miller,Pune Warriors,5
DA Miller,Rajasthan Royals,23
DA Miller,Rising Pune Supergiants,2
DA Miller,Royal Challengers Bangalore,16
DA Miller,Sunrisers Hyderabad,12
DA Warner,Chennai Super Kings,15
DA Warner,Deccan Chargers,12
DA Warner,Delhi Capitals,5
DA Warner,Delhi Daredevils,7
DA Warner,Gujarat Lions,9
DA Warner,Kings XI Punjab,35
DA Warner,Kolkata Knight Riders,40
DA Warner,Mumbai Indians,25
DA Warner,Pune Warriors,8
DA Warner,Punjab Kings,2
DA Warner,Rajasthan Royals,9
DA Warner,Rising Pune Supergiants,3
DA Warner,Royal Challengers Bangalore,43
DA Warner,Sunrisers Hyderabad,3
DB Das,Chennai Super Kings,5
DB Das,Delhi Daredevils,3
DB Das,Kings XI Punjab,1
DB Das,Mumbai Indians,3
DB Das,Pune Warriors,1
DB Das,Rajasthan Royals,3
DB Ravi Teja,Chennai Super Kings,1
DB Ravi Teja,Delhi Daredevils,1
DB Ravi Teja,Kings XI Punjab,2
DB Ravi Teja,Kolkata Knight Riders,1
DB Ravi Teja,Mumbai Indians,3
DB Ravi Teja,Rajasthan Royals,1
DE Bollinger,Delhi Daredevils,1
DH Yagnik,Kolkata Knight Riders,1
DH Yagnik,Mumbai Indians,1
DJ Bravo,Chennai Super Kings,2
DJ Bravo,Deccan Chargers,10
DJ Bravo,Delhi Daredevils,6
DJ Bravo,Kings XI Punjab,11
DJ Bravo,Kolkata Knight Riders,4
DJ Bravo,Mumbai Indians,19
DJ Bravo,Pune Warriors,1
DJ Bravo,Rajasthan Royals,4
DJ Bravo,Rising Pune Supergiants,1
DJ Bravo,Royal Challengers Bangalore,8
DJ Harris,Kings XI Punjab,1
DJ Harris,Royal Challengers Bangalore,4
DJ Hooda,Chennai Super Kings,6
DJ Hooda,Delhi Capitals,3
DJ Hooda,Delhi Daredevils,5
DJ Hooda,Gujarat Titans,2
DJ Hooda,Kings XI Punjab,7
DJ Hooda,Kolkata Knight Riders,6
DJ Hooda,Mumbai Indians,6
DJ Hooda,Punjab Kings,2
DJ Hooda,Rajasthan Royals,8
DJ Hooda,Rising Pune Supergiants,3
DJ Hooda,Royal Challengers Bangalore,5
DJ Hooda,Sunrisers Hyderabad,3
DJ Hussey,Chennai Super Kings,2
DJ Hussey,Deccan Chargers,18
DJ Hussey,Delhi Daredevils,7
DJ Hussey,Kings XI Punjab,5
DJ Hussey,Kochi Tuskers Kerala,1
DJ Hussey,Kolkata Knight Riders,1
DJ Hussey,Mumbai Indians,9
DJ Hussey,Pune Warriors,1
DJ Hussey,Rajasthan Royals,3
DJ Hussey,Royal Challengers Bangalore,10
DJ Hussey,Sunrisers Hyderabad,3
DJ Jacobs,Deccan Chargers,1
DJ Jacobs,Rajasthan Royals,1
DJ Jacobs,Royal Challengers Bangalore,2
DJ Malan,Delhi Capitals,1
DJ Thornely,Delhi Daredevils,2
DJG Sammy,Chennai Super Kings,3
DJG Sammy,Delhi Daredevils,1
DJG Sammy,Kings XI Punjab,1
DJG Sammy,Kolkata Knight Riders,5
DJG Sammy,Mumbai Indians,1
DJG Sammy,Rajasthan Royals,5
DJG Sammy,Royal Challengers Bangalore,2
DJM Short,Delhi Daredevils,4
DJM Short,Kolkata Knight Riders,1
DL Chahar,Delhi Daredevils,2
DL Chahar,Kings XI Punjab,3
DL Chahar,Sunrisers Hyderabad,1
DL Vettori,Delhi Daredevils,1
DL Vettori,Kolkata Knight Riders,1
DP Conway,Delhi Capitals,5
DP Conway,Rajasthan Royals,1
DP Conway,Royal Challengers Bangalore,2
DP Conway,Sunrisers Hyderabad,4
DPMD Jayawardene,Chennai Super Kings,9
DPMD Jayawardene,Deccan Chargers,7
DPMD Jayawardene,Delhi Daredevils,3
DPMD Jayawardene,Kings XI Punjab,3
DPMD Jayawardene,Kolkata Knight Riders,9
DPMD Jayawardene,Mumbai Indians,2
DPMD Jayawardene,Rajasthan Royals,4
DPMD Jayawardene,Royal Challengers Bangalore,1
DPMD Jayawardene,Sunrisers Hyderabad,2
DR Sams,Delhi Capitals,1
DR Sams,Rajasthan Royals,1
DR Sams,Sunrisers Hyderabad,1
DR Shorey,Royal Challengers Bangalore,1
DR Smith,Chennai Super Kings,17
DR Smith,Delhi Daredevils,14
DR Smith,Kings XI Punjab,12
DR Smith,Kolkata Knight Riders,8
DR Smith,Mumbai Indians,17
DR Smith,Rajasthan Royals,16
DR Smith,Rising Pune Supergiants,2
DR Smith,Royal Challengers Bangalore,15
DR Smith,Sunrisers Hyderabad,16
DS Kulkarni,Chennai Super Kings,2
DT Christian,Chennai Super Kings,1
DT Christian,Gujarat Lions,1
DT Christian,Kings XI Punjab,6
DT Christian,Kolkata Knight Riders,5
DT Christian,Mumbai Indians,3
DT Christian,Rajasthan Royals,3
DW Steyn,Chennai Super Kings,1
DW Steyn,Kolkata Knight Riders,1
DW Steyn,Rajasthan Royals,1
E Lewis,Chennai Super Kings,8
E Lewis,Delhi Daredevils,8
E Lewis,Kings XI Punjab,1
E Lewis,Kolkata Knight Riders,3
E Lewis,Mumbai Indians,1
E Lewis,Punjab Kings,1
E Lewis,Rajasthan Royals,4
E Lewis,Royal Challengers Bangalore,8
E Lewis,Sunrisers Hyderabad,2
EJG Morgan,Chennai Super Kings,4
EJG Morgan,Deccan Chargers,1
EJG Morgan,Delhi Capitals,6
EJG Morgan,Delhi Daredevils,1
EJG Morgan,Kings XI Punjab,10
EJG Morgan,Kochi Tuskers Kerala,2
EJG Morgan,Kolkata Knight Riders,3
EJG Morgan,Mumbai Indians,5
EJG Morgan,Punjab Kings,2
EJG Morgan,Rajasthan Royals,18
EJG Morgan,Royal Challengers Bangalore,4
EJG Morgan,Sunrisers Hyderabad,8
ER Dwivedi,Royal Challengers Bangalore,2
F du Plessis,Chennai Super Kings,1
F du Plessis,Deccan Chargers,5
F du Plessis,Delhi Capitals,5
F du Plessis,Delhi Daredevils,2
F du Plessis,Gujarat Lions,4
F du Plessis,Kings XI Punjab,15
F du Plessis,Kolkata Knight Riders,8
F du Plessis,Lucknow Super Giants,2
F du Plessis,Mumbai Indians,12
F du Plessis,Pune Warriors,4
F du Plessis,Punjab Kings,10
F du Plessis,Rajasthan Royals,13
F du Plessis,Royal Challengers Bangalore,14
F du Plessis,Sunrisers Hyderabad,14
FY Fazal,Kings XI Punjab,1
G Gambhir,Chennai Super Kings,8
G Gambhir,Deccan Chargers,5
G Gambhir,Delhi Daredevils,6
G Gambhir,Gujarat Lions,1
G Gambhir,Kings XI Punjab,4
G Gambhir,Kolkata Knight Riders,1
G Gambhir,Mumbai Indians,8
G Gambhir,Pune Warriors,2
G Gambhir,Rajasthan Royals,4
G Gambhir,Rising Pune Supergiants,2
G Gambhir,Royal Challengers Bangalore,12
G Gambhir,Sunrisers Hyderabad,6
GC Smith,Chennai Super Kings,4
GC Smith,Deccan Chargers,2
GC Smith,Kings XI Punjab,1
GC Smith,Royal Challengers Bangalore,2
GD Phillips,Chennai Super Kings,1
GD Phillips,Kolkata Knight Riders,1
GH Vihari,Delhi Daredevils,1
GJ Bailey,Chennai Super Kings,2
GJ Bailey,Delhi Daredevils,1
GJ Bailey,Kolkata Knight Riders,5
GJ Bailey,Mumbai Indians,5
GJ Bailey,Rajasthan Royals,2
GJ Bailey,Sunrisers Hyderabad,4
GJ Maxwell,Chennai Super Kings,14
GJ Maxwell,Delhi Capitals,4
GJ Maxwell,Delhi Daredevils,4
GJ Maxwell,Gujarat Lions,5
GJ Maxwell,Gujarat Titans,4
GJ Maxwell,Kings XI Punjab,1
GJ Maxwell,Kolkata Knight Riders,23
GJ Maxwell,Lucknow Super Giants,2
GJ Maxwell,Mumbai Indians,17
GJ Maxwell,Pune Warriors,1
GJ Maxwell,Punjab Kings,5
GJ Maxwell,Rajasthan Royals,13
GJ Maxwell,Rising Pune Supergiants,6
GJ Maxwell,Royal Challengers Bangalore,6
GJ Maxwell,Sunrisers Hyderabad,22
Gurkeerat Singh,Deccan Chargers,1
Gurkeerat Singh,Delhi Capitals,1
Gurkeerat Singh,Delhi Daredevils,1
Gurkeerat Singh,Kolkata Knight Riders,3
Gurkeerat Singh,Rising Pune Supergiants,3
Gurkeerat Singh,Sunrisers Hyderabad,2
H Klaasen,Royal Challengers Bangalore,1
HH Gibbs,Chennai Super Kings,4
HH Gibbs,Delhi Daredevils,4
HH Gibbs,Kings XI Punjab,3
HH Gibbs,Kolkata Knight Riders,4
HH Gibbs,Mumbai Indians,4
HH Gibbs,Rajasthan Royals,2
HH Gibbs,Royal Challengers Bangalore,10
HH Pandya,Chennai Super Kings,13
HH Pandya,Delhi Capitals,8
HH Pandya,Delhi Daredevils,6
HH Pandya,Kings XI Punjab,10
HH Pandya,Kolkata Knight Riders,20
HH Pandya,Lucknow Super Giants,1
HH Pandya,Punjab Kings,2
HH Pandya,Rajasthan Royals,19
HH Pandya,Rising Pune Supergiants,6
HH Pandya,Royal Challengers Bangalore,19
HH Pandya,Sunrisers Hyderabad,7
HM Amla,Gujarat Lions,7
HM Amla,Mumbai Indians,6
HM Amla,Rising Pune Supergiants,2
HM Amla,Royal Challengers Bangalore,4
HM Amla,Sunrisers Hyderabad,2
HV Patel,Chennai Super Kings,4
HV Patel,Kolkata Knight Riders,1
HV Patel,Mumbai Indians,1
HV Patel,Punjab Kings,2
HV Patel,Rajasthan Royals,3
HV Patel,Sunrisers Hyderabad,2
Harbhajan Singh,Chennai Super Kings,12
Harbhajan Singh,Deccan Chargers,5
Harbhajan Singh,Delhi Daredevils,4
Harbhajan Singh,Kings XI Punjab,9
Harbhajan Singh,Kolkata Knight Riders,4
Harbhajan Singh,Pune Warriors,1
Harbhajan Singh,Rajasthan Royals,4
Harbhajan Singh,Rising Pune Supergiants,2
Harbhajan Singh,Royal Challengers Bangalore,1
Harpreet Brar,Delhi Capitals,1
Harpreet Brar,Kolkata Knight Riders,1
Harpreet Brar,Royal Challengers Bangalore,3
I Sharma,Chennai Super Kings,1
I Sharma,Deccan Chargers,1
I Udana,Kings XI Punjab,1
IK Pathan,Chennai Super Kings,7
IK Pathan,Deccan Chargers,5
IK Pathan,Delhi Daredevils,3
IK Pathan,Kochi Tuskers Kerala,1
IK Pathan,Kolkata Knight Riders,7
IK Pathan,Mumbai Indians,2
IK Pathan,Pune Warriors,1
IK Pathan,Rajasthan Royals,3
IK Pathan,Royal Challengers Bangalore,9
Iqbal Abdulla,Gujarat Lions,1
Ishan Kishan,Chennai Super Kings,7
Ishan Kishan,Delhi Capitals,16
Ishan Kishan,Delhi Daredevils,3
Ishan Kishan,Gujarat Titans,1
Ishan Kishan,Kings XI Punjab,6
Ishan Kishan,Kolkata Knight Riders,8
Ishan Kishan,Mumbai Indians,2
Ishan Kishan,Rajasthan Royals,9
Ishan Kishan,Rising Pune Supergiants,2
Ishan Kishan,Royal Challengers Bangalore,18
Ishan Kishan,Sunrisers Hyderabad,13
J Botha,Chennai Super Kings,1
J Botha,Deccan Chargers,2
J Botha,Mumbai Indians,1
J Botha,Sunrisers Hyderabad,1
J Suchith,Delhi Capitals,1
J Suchith,Kings XI Punjab,2
J Yadav,Delhi Capitals,1
JA Morkel,Chennai Super Kings,2
JA Morkel,Deccan Chargers,9
JA Morkel,Delhi Daredevils,5
JA Morkel,Kings XI Punjab,5
JA Morkel,Kochi Tuskers Kerala,1
JA Morkel,Kolkata Knight Riders,5
JA Morkel,Mumbai Indians,2
JA Morkel,Pune Warriors,1
JA Morkel,Rajasthan Royals,17
JA Morkel,Royal Challengers Bangalore,8
JC Archer,Chennai Super Kings,6
JC Archer,Kings XI Punjab,2
JC Archer,Kolkata Knight Riders,3
JC Archer,Mumbai Indians,1
JC Archer,Royal Challengers Bangalore,1
JC Archer,Sunrisers Hyderabad,1
JC Buttler,Chennai Super Kings,8
JC Buttler,Delhi Capitals,10
JC Buttler,Delhi Daredevils,12
JC Buttler,Gujarat Lions,2
JC Buttler,Gujarat Titans,5
JC Buttler,Kings XI Punjab,13
JC Buttler,Kolkata Knight Riders,16
JC Buttler,Lucknow Super Giants,1
JC Buttler,Mumbai Indians,29
JC Buttler,Punjab Kings,1
JC Buttler,Rising Pune Supergiants,4
JC Buttler,Royal Challengers Bangalore,22
JC Buttler,Sunrisers Hyderabad,12
JD Ryder,Chennai Super Kings,2
JD Ryder,Deccan Chargers,3
JD Ryder,Delhi Daredevils,9
JD Ryder,Kolkata Knight Riders,2
JD Ryder,Royal Challengers Bangalore,3
JD Unadkat,Chennai Super Kings,2
JD Unadkat,Delhi Capitals,1
JD Unadkat,Kolkata Knight Riders,1
JD Unadkat,Lucknow Super Giants,1
JD Unadkat,Punjab Kings,1
JDP Oram,Deccan Chargers,2
JDP Oram,Kings XI Punjab,1
JDP Oram,Mumbai Indians,1
JDP Oram,Royal Challengers Bangalore,1
JDS Neesham,Delhi Capitals,1
JDS Neesham,Kolkata Knight Riders,1
JJ Bumrah,Rising Pune Supergiants,1
JJ Roy,Mumbai Indians,7
JJ Roy,Rajasthan Royals,1
JJ Roy,Royal Challengers Bangalore,1
JJ van der Wath,Chennai Super Kings,1
JM Bairstow,Chennai Super Kings,3
JM Bairstow,Delhi Capitals,8
JM Bairstow,Kings XI Punjab,6
JM Bairstow,Kolkata Knight Riders,8
JM Bairstow,Mumbai Indians,6
JM Bairstow,Punjab Kings,3
JM Bairstow,Rajasthan Royals,5
JM Bairstow,Royal Challengers Bangalore,16
JM Kemp,Deccan Chargers,1
JM Sharma,Chennai Super Kings,3
JM Sharma,Delhi Capitals,2
JM Sharma,Gujarat Titans,2
JM Sharma,Mumbai Indians,2
JM Sharma,Rajasthan Royals,2
JM Sharma,Sunrisers Hyderabad,1
JO Holder,Delhi Capitals,1
JO Holder,Gujarat Lions,1
JO Holder,Kolkata Knight Riders,3
JO Holder,Punjab Kings,6
JO Holder,Royal Challengers Bangalore,5
JO Holder,Sunrisers Hyderabad,1
JP Duminy,Chennai Super Kings,2
JP Duminy,Deccan Chargers,2
JP Duminy,Delhi Daredevils,4
JP Duminy,Gujarat Lions,1
JP Duminy,Kings XI Punjab,3
JP Duminy,Kolkata Knight Riders,12
JP Duminy,Mumbai Indians,14
JP Duminy,Pune Warriors,2
JP Duminy,Rajasthan Royals,14
JP Duminy,Royal Challengers Bangalore,21
JP Duminy,Sunrisers Hyderabad,4
JP Faulkner,Delhi Daredevils,3
JP Faulkner,Kings XI Punjab,8
JP Faulkner,Mumbai Indians,5
JP Faulkner,Pune Warriors,1
JP Faulkner,Royal Challengers Bangalore,3
JP Faulkner,Sunrisers Hyderabad,3
JPR Scantlebury-Searles,Kings XI Punjab,1
JR Hopes,Chennai Super Kings,4
JR Hopes,Deccan Chargers,1
JR Hopes,Kolkata Knight Riders,1
JR Hopes,Pune Warriors,1
JR Hopes,Rajasthan Royals,1
JR Hopes,Royal Challengers Bangalore,3
JR Philippe,Mumbai Indians,1
Joginder Sharma,Deccan Chargers,1
Joginder Sharma,Mumbai Indians,1
K Goel,Chennai Super Kings,1
K Goel,Delhi Daredevils,3
K Goel,Kolkata Knight Riders,1
K Goel,Mumbai Indians,2
K Goel,Rajasthan Royals,2
K Gowtham,Chennai Super Kings,3
K Gowtham,Delhi Capitals,1
K Gowtham,Delhi Daredevils,1
K Gowtham,Kings XI Punjab,1
K Gowtham,Kolkata Knight Riders,1
K Gowtham,Mumbai Indians,3
K Gowtham,Royal Challengers Bangalore,2
K Rabada,Delhi Capitals,1
K Rabada,Kolkata Knight Riders,1
K Rabada,Mumbai Indians,3
K Rabada,Sunrisers Hyderabad,1
K Upadhyay,Royal Challengers Bangalore,1
KA Jamieson,Chennai Super Kings,1
KA Jamieson,Kolkata Knight Riders,1
KA Jamieson,Punjab Kings,1
KA Pollard,Chennai Super Kings,44
KA Pollard,Deccan Chargers,4
KA Pollard,Delhi Capitals,1
KA Pollard,Delhi Daredevils,20
KA Pollard,Gujarat Lions,5
KA Pollard,Kings XI Punjab,39
KA Pollard,Kolkata Knight Riders,15
KA Pollard,Lucknow Super Giants,3
KA Pollard,Pune Warriors,3
KA Pollard,Punjab Kings,2
KA Pollard,Rajasthan Royals,20
KA Pollard,Rising Pune Supergiants,2
KA Pollard,Royal Challengers Bangalore,32
KA Pollard,Sunrisers Hyderabad,34
KB Arun Karthik,Mumbai Indians,1
KC Cariappa,Royal Challengers Bangalore,1
KC Cariappa,Sunrisers Hyderabad,1
KC Sangakkara,Chennai Super Kings,3
KC Sangakkara,Deccan Chargers,5
KC Sangakkara,Delhi Daredevils,2
KC Sangakkara,Kolkata Knight Riders,4
KC Sangakkara,Mumbai Indians,4
KC Sangakkara,Pune Warriors,3
KC Sangakkara,Rajasthan Royals,3
KC Sangakkara,Royal Challengers Bangalore,3
KD Karthik,Chennai Super Kings,18
KD Karthik,Deccan Chargers,7
KD Karthik,Delhi Capitals,8
KD Karthik,Delhi Daredevils,11
KD Karthik,Kings XI Punjab,14
KD Karthik,Kochi Tuskers Kerala,5
KD Karthik,Kolkata Knight Riders,9
KD Karthik,Lucknow Super Giants,2
KD Karthik,Mumbai Indians,10
KD Karthik,Pune Warriors,3
KD Karthik,Punjab Kings,3
KD Karthik,Rajasthan Royals,23
KD Karthik,Royal Challengers Bangalore,9
KD Karthik,Sunrisers Hyderabad,12
KH Pandya,Chennai Super Kings,5
KH Pandya,Delhi Capitals,4
KH Pandya,Delhi Daredevils,8
KH Pandya,Gujarat Lions,1
KH Pandya,Kings XI Punjab,6
KH Pandya,Kolkata Knight Riders,5
KH Pandya,Rajasthan Royals,4
KH Pandya,Rising Pune Supergiants,2
KH Pandya,Royal Challengers Bangalore,5
KH Pandya,Sunrisers Hyderabad,10
KJ Abbott,Kolkata Knight Riders,1
KK Cooper,Delhi Daredevils,3
KK Cooper,Kings XI Punjab,1
KK Cooper,Mumbai Indians,3
KK Cooper,Sunrisers Hyderabad,1
KK Nair,Chennai Super Kings,6
KK Nair,Delhi Daredevils,7
KK Nair,Gujarat Lions,1
KK Nair,Kings XI Punjab,3
KK Nair,Kolkata Knight Riders,2
KK Nair,Mumbai Indians,8
KK Nair,Rajasthan Royals,2
KK Nair,Royal Challengers Bangalore,3
KK Nair,Sunrisers Hyderabad,7
KL Rahul,Chennai Super Kings,20
KL Rahul,Delhi Capitals,12
KL Rahul,Delhi Daredevils,8
KL Rahul,Gujarat Lions,3
KL Rahul,Kings XI Punjab,3
KL Rahul,Kolkata Knight Riders,18
KL Rahul,Mumbai Indians,34
KL Rahul,Rajasthan Royals,19
KL Rahul,Rising Pune Supergiants,2
KL Rahul,Royal Challengers Bangalore,35
KL Rahul,Sunrisers Hyderabad,10
KM Jadhav,Chennai Super Kings,3
KM Jadhav,Delhi Daredevils,6
KM Jadhav,Gujarat Lions,3
KM Jadhav,Kolkata Knight Riders,4
KM Jadhav,Mumbai Indians,4
KM Jadhav,Pune Warriors,2
KM Jadhav,Rajasthan Royals,4
KM Jadhav,Royal Challengers Bangalore,5
KM Jadhav,Sunrisers Hyderabad,9
KMA Paul,Sunrisers Hyderabad,1
KP Pietersen,Chennai Super Kings,3
KP Pietersen,Deccan Chargers,11
KP Pietersen,Delhi Daredevils,3
KP Pietersen,Gujarat Lions,1
KP Pietersen,Kings XI Punjab,2
KP Pietersen,Mumbai Indians,8
KP Pietersen,Pune Warriors,5
KP Pietersen,Rajasthan Royals,3
KP Pietersen,Royal Challengers Bangalore,1
KP Pietersen,Sunrisers Hyderabad,3
KS Bharat,Delhi Capitals,4
KS Bharat,Mumbai Indians,2
KS Bharat,Rajasthan Royals,1
KS Bharat,Sunrisers Hyderabad,1
KS Williamson,Chennai Super Kings,14
KS Williamson,Delhi Capitals,4
KS Williamson,Delhi Daredevils,9
KS Williamson,Gujarat Titans,4
KS Williamson,Kings XI Punjab,6
KS Williamson,Kolkata Knight Riders,6
KS Williamson,Lucknow Super Giants,1
KS Williamson,Rajasthan Royals,6
KS Williamson,Rising Pune Supergiants,1
KS Williamson,Royal Challengers Bangalore,13
KV Sharma,Chennai Super Kings,3
KV Sharma,Delhi Daredevils,2
KV Sharma,Kings XI Punjab,4
KV Sharma,Kolkata Knight Riders,3
KV Sharma,Rising Pune Supergiants,1
KV Sharma,Royal Challengers Bangalore,1
KW Richardson,Chennai Super Kings,1
Kamran Akmal,Chennai Super Kings,3
Kamran Akmal,Deccan Chargers,1
Kamran Akmal,Kings XI Punjab,4
Kuldeep Yadav,Gujarat Titans,1
Kuldeep Yadav,Lucknow Super Giants,1
L Balaji,Deccan Chargers,1
L Ronchi,Kings XI Punjab,1
LA Pomersbach,Chennai Super Kings,3
LA Pomersbach,Deccan Chargers,1
LA Pomersbach,Delhi Daredevils,3
LA Pomersbach,Mumbai Indians,3
LA Pomersbach,Royal Challengers Bangalore,2
LA Pomersbach,Sunrisers Hyderabad,1
LH Ferguson,Chennai Super Kings,1
LH Ferguson,Kings XI Punjab,1
LJ Wright,Delhi Daredevils,1
LJ Wright,Kings XI Punjab,1
LJ Wright,Royal Challengers Bangalore,1
LMP Simmons,Chennai Super Kings,16
LMP Simmons,Delhi Daredevils,4
LMP Simmons,Kings XI Punjab,7
LMP Simmons,Kolkata Knight Riders,1
LMP Simmons,Rajasthan Royals,3
LMP Simmons,Rising Pune Supergiants,1
LMP Simmons,Royal Challengers Bangalore,5
LMP Simmons,Sunrisers Hyderabad,7
LPC Silva,Kings XI Punjab,1
LR Shukla,Chennai Super Kings,4
LR Shukla,Deccan Chargers,2
LR Shukla,Delhi Daredevils,3
LR Shukla,Mumbai Indians,2
LR Shukla,Rajasthan Royals,4
LR Shukla,Sunrisers Hyderabad,1
LRPL Taylor,Chennai Super Kings,8
LRPL Taylor,Deccan Chargers,3
LRPL Taylor,Delhi Daredevils,9
LRPL Taylor,Kings XI Punjab,2
LRPL Taylor,Kolkata Knight Riders,9
LRPL Taylor,Mumbai Indians,6
LRPL Taylor,Pune Warriors,2
LRPL Taylor,Rajasthan Royals,5
LRPL Taylor,Royal Challengers Bangalore,2
LS Livingstone,Chennai Super Kings,7
LS Livingstone,Delhi Capitals,1
LS Livingstone,Gujarat Titans,7
LS Livingstone,Kolkata Knight Riders,1
LS Livingstone,Lucknow Super Giants,2
LS Livingstone,Punjab Kings,1
LS Livingstone,Rajasthan Royals,2
LS Livingstone,Royal Challengers Bangalore,7
LS Livingstone,Sunrisers Hyderabad,12
Lalit Yadav,Gujarat Titans,1
Lalit Yadav,Kolkata Knight Riders,1
Lalit Yadav,Mumbai Indians,2
Lalit Yadav,Punjab Kings,1
Lalit Yadav,Rajasthan Royals,2
M Ashwin,Lucknow Super Giants,1
M Jansen,Gujarat Titans,1
M Kaif,Chennai Super Kings,1
M Kaif,Deccan Chargers,3
M Kaif,Delhi Daredevils,1
M Kaif,Kolkata Knight Riders,1
M Kartik,Mumbai Indians,1
M Manhas,Chennai Super Kings,1
M Manhas,Deccan Chargers,3
M Manhas,Delhi Daredevils,1
M Manhas,Kings XI Punjab,3
M Manhas,Rajasthan Royals,2
M Morkel,Deccan Chargers,1
M Morkel,Kings XI Punjab,3
M Morkel,Mumbai Indians,1
M Rawat,Kings XI Punjab,1
M Shahrukh Khan,Chennai Super Kings,3
M Shahrukh Khan,Delhi Capitals,1
M Shahrukh Khan,Gujarat Titans,2
M Shahrukh Khan,Kolkata Knight Riders,3
M Shahrukh Khan,Mumbai Indians,2
M Shahrukh Khan,Royal Challengers Bangalore,3
M Shahrukh Khan,Sunrisers Hyderabad,5
M Theekshana,Royal Challengers Bangalore,1
M Vijay,Chennai Super Kings,2
M Vijay,Deccan Chargers,3
M Vijay,Delhi Daredevils,10
M Vijay,Gujarat Lions,1
M Vijay,Kings XI Punjab,6
M Vijay,Kolkata Knight Riders,6
M Vijay,Mumbai Indians,11
M Vijay,Pune Warriors,3
M Vijay,Rajasthan Royals,20
M Vijay,Rising Pune Supergiants,5
M Vijay,Royal Challengers Bangalore,19
M Vijay,Sunrisers Hyderabad,5
M Vohra,Chennai Super Kings,3
M Vohra,Delhi Daredevils,5
M Vohra,Gujarat Lions,2
M Vohra,Kolkata Knight Riders,10
M Vohra,Mumbai Indians,6
M Vohra,Punjab Kings,1
M Vohra,Rajasthan Royals,1
M Vohra,Rising Pune Supergiants,1
M Vohra,Royal Challengers Bangalore,5
M Vohra,Sunrisers Hyderabad,9
MA Agarwal,Chennai Super Kings,7
MA Agarwal,Deccan Chargers,2
MA Agarwal,Delhi Capitals,12
MA Agarwal,Delhi Daredevils,2
MA Agarwal,Kings XI Punjab,5
MA Agarwal,Kochi Tuskers Kerala,2
MA Agarwal,Kolkata Knight Riders,8
MA Agarwal,Lucknow Super Giants,2
MA Agarwal,Mumbai Indians,13
MA Agarwal,Pune Warriors,1
MA Agarwal,Rajasthan Royals,18
MA Agarwal,Royal Challengers Bangalore,12
MA Agarwal,Sunrisers Hyderabad,7
MA Khote,Chennai Super Kings,1
MC Henriques,Chennai Super Kings,2
MC Henriques,Delhi Daredevils,6
MC Henriques,Kings XI Punjab,1
MC Henriques,Kolkata Knight Riders,4
MC Henriques,Mumbai Indians,1
MC Henriques,Pune Warriors,1
MC Henriques,Rajasthan Royals,1
MC Henriques,Rising Pune Supergiants,2
MC Henriques,Royal Challengers Bangalore,10
MC Juneja,Rajasthan Royals,1
MD Mishra,Chennai Super Kings,1
MD Mishra,Delhi Daredevils,1
MD Mishra,Kochi Tuskers Kerala,2
MD Mishra,Mumbai Indians,1
MD Mishra,Royal Challengers Bangalore,3
MEK Hussey,Chennai Super Kings,1
MEK Hussey,Delhi Daredevils,5
MEK Hussey,Kings XI Punjab,11
MEK Hussey,Kolkata Knight Riders,9
MEK Hussey,Mumbai Indians,5
MEK Hussey,Pune Warriors,1
MEK Hussey,Rajasthan Royals,6
MEK Hussey,Royal Challengers Bangalore,8
MEK Hussey,Sunrisers Hyderabad,6
MF Maharoof,Deccan Chargers,2
MF Maharoof,Mumbai Indians,2
MF Maharoof,Rajasthan Royals,4
MF Maharoof,Royal Challengers Bangalore,1
MG Johnson,Kolkata Knight Riders,3
MG Johnson,Mumbai Indians,1
MG Johnson,Rising Pune Supergiants,1
MG Johnson,Royal Challengers Bangalore,2
MJ Guptill,Delhi Capitals,4
MJ Guptill,Delhi Daredevils,6
MJ Guptill,Mumbai Indians,2
MJ Guptill,Royal Challengers Bangalore,2
MJ Guptill,Sunrisers Hyderabad,1
MJ Lumb,Chennai Super Kings,3
MJ Lumb,Deccan Chargers,1
MJ Lumb,Kings XI Punjab,2
MJ McClenaghan,Kings XI Punjab,1
MJ McClenaghan,Kolkata Knight Riders,3
MJ McClenaghan,Rising Pune Supergiants,1
MJ McClenaghan,Royal Challengers Bangalore,2
MJ Santner,Mumbai Indians,2
MJ Santner,Rajasthan Royals,1
MK Lomror,Chennai Super Kings,2
MK Lomror,Delhi Capitals,1
MK Lomror,Gujarat Titans,1
MK Lomror,Punjab Kings,5
MK Lomror,Royal Challengers Bangalore,3
MK Lomror,Sunrisers Hyderabad,1
MK Pandey,Chennai Super Kings,5
MK Pandey,Deccan Chargers,8
MK Pandey,Delhi Capitals,1
MK Pandey,Delhi Daredevils,9
MK Pandey,Kings XI Punjab,14
MK Pandey,Kolkata Knight Riders,7
MK Pandey,Mumbai Indians,25
MK Pandey,Rajasthan Royals,16
MK Pandey,Rising Pune Supergiants,1
MK Pandey,Royal Challengers Bangalore,9
MK Pandey,Sunrisers Hyderabad,11
MK Tiwary,Chennai Super Kings,3
MK Tiwary,Deccan Chargers,3
MK Tiwary,Delhi Daredevils,7
MK Tiwary,Gujarat Lions,1
MK Tiwary,Kings XI Punjab,5
MK Tiwary,Kochi Tuskers Kerala,2
MK Tiwary,Kolkata Knight Riders,1
MK Tiwary,Mumbai Indians,7
MK Tiwary,Pune Warriors,1
MK Tiwary,Rajasthan Royals,4
MK Tiwary,Royal Challengers Bangalore,5
MK Tiwary,Sunrisers Hyderabad,1
ML Hayden,Deccan Chargers,5
ML Hayden,Delhi Daredevils,11
ML Hayden,Kings XI Punjab,9
ML Hayden,Kolkata Knight Riders,3
ML Hayden,Mumbai Indians,6
ML Hayden,Rajasthan Royals,3
ML Hayden,Royal Challengers Bangalore,7
MM Ali,Chennai Super Kings,1
MM Ali,Delhi Capitals,5
MM Ali,Gujarat Titans,2
MM Ali,Kolkata Knight Riders,12
MM Ali,Lucknow Super Giants,2
MM Ali,Mumbai Indians,11
MM Ali,Punjab Kings,1
MM Ali,Rajasthan Royals,7
MM Ali,Royal Challengers Bangalore,4
MM Ali,Sunrisers Hyderabad,8
MM Sharma,Delhi Daredevils,1
MM Sharma,Mumbai Indians,2
MM Sharma,Sunrisers Hyderabad,1
MN Samuels,Chennai Super Kings,1
MN Samuels,Kings XI Punjab,2
MN Samuels,Rising Pune Supergiants,2
MN Samuels,Royal Challengers Bangalore,2
MN van Wyk,Kings XI Punjab,1
MP Stoinis,Chennai Super Kings,3
MP Stoinis,Delhi Capitals,4
MP Stoinis,Delhi Daredevils,2
MP Stoinis,Gujarat Lions,1
MP Stoinis,Kings XI Punjab,6
MP Stoinis,Kolkata Knight Riders,5
MP Stoinis,Mumbai Indians,6
MP Stoinis,Punjab Kings,1
MP Stoinis,Rajasthan Royals,12
MP Stoinis,Royal Challengers Bangalore,7
MP Stoinis,Sunrisers Hyderabad,1
MR Marsh,Chennai Super Kings,1
MR Marsh,Deccan Chargers,3
MR Marsh,Kings XI Punjab,2
MR Marsh,Lucknow Super Giants,3
MR Marsh,Mumbai Indians,2
MR Marsh,Punjab Kings,3
MR Marsh,Rajasthan Royals,10
MR Marsh,Royal Challengers Bangalore,2
MR Marsh,Sunrisers Hyderabad,2
MS Bisla,Chennai Super Kings,7
MS Bisla,Kings XI Punjab,5
MS Bisla,Mumbai Indians,1
MS Bisla,Rajasthan Royals,3
MS Bisla,Royal Challengers Bangalore,7
MS Dhoni,Deccan Chargers,6
MS Dhoni,Delhi Capitals,7
MS Dhoni,Delhi Daredevils,26
MS Dhoni,Gujarat Lions,4
MS Dhoni,Kings XI Punjab,31
MS Dhoni,Kochi Tuskers Kerala,1
MS Dhoni,Kolkata Knight Riders,22
MS Dhoni,Lucknow Super Giants,1
MS Dhoni,Mumbai Indians,34
MS Dhoni,Pune Warriors,5
MS Dhoni,Punjab Kings,2
MS Dhoni,Rajasthan Royals,20
MS Dhoni,Royal Challengers Bangalore,46
MS Dhoni,Sunrisers Hyderabad,24
MS Gony,Deccan Chargers,2
MS Gony,Delhi Daredevils,2
MS Gony,Kings XI Punjab,1
MS Gony,Kolkata Knight Riders,3
MS Wade,Rajasthan Royals,1
MS Wade,Royal Challengers Bangalore,1
MV Boucher,Chennai Super Kings,1
MV Boucher,Delhi Daredevils,4
MV Boucher,Kings XI Punjab,1
MV Boucher,Kolkata Knight Riders,3
MV Boucher,Mumbai Indians,4
Mandeep Singh,Chennai Super Kings,6
Mandeep Singh,Deccan Chargers,3
Mandeep Singh,Delhi Capitals,2
Mandeep Singh,Delhi Daredevils,2
Mandeep Singh,Kings XI Punjab,3
Mandeep Singh,Kolkata Knight Riders,14
Mandeep Singh,Mumbai Indians,2
Mandeep Singh,Rajasthan Royals,4
Mandeep Singh,Royal Challengers Bangalore,1
Misbah-ul-Haq,Deccan Chargers,1
Misbah-ul-Haq,Delhi Daredevils,4
Misbah-ul-Haq,Kings XI Punjab,1
Mohammad Hafeez,Deccan Chargers,1
Mohammad Hafeez,Kings XI Punjab,1
Mohammad Nabi,Delhi Capitals,2
Mohammad Nabi,Kings XI Punjab,2
Mohammad Nabi,Mumbai Indians,4
Mohammad Nabi,Rajasthan Royals,2
Mohammed Shami,Mumbai Indians,1
Mohammed Shami,Royal Challengers Bangalore,1
Mohammed Siraj,Chennai Super Kings,1
Mohammed Siraj,Mumbai Indians,1
Mohsin Khan,Punjab Kings,1
Mustafizur Rahman,Mumbai Indians,1
N Jagadeesan,Gujarat Titans,1
N Pooran,Chennai Super Kings,12
N Pooran,Delhi Capitals,9
N Pooran,Gujarat Titans,2
N Pooran,Kolkata Knight Riders,7
N Pooran,Lucknow Super Giants,2
N Pooran,Mumbai Indians,7
N Pooran,Punjab Kings,1
N Pooran,Rajasthan Royals,8
N Pooran,Royal Challengers Bangalore,7
N Pooran,Sunrisers Hyderabad,10
N Rana,Chennai Super Kings,6
N Rana,Delhi Capitals,17
N Rana,Delhi Daredevils,4
N Rana,Gujarat Lions,7
N Rana,Kings XI Punjab,18
N Rana,Kolkata Knight Riders,3
N Rana,Mumbai Indians,13
N Rana,Punjab Kings,2
N Rana,Rajasthan Royals,8
N Rana,Rising Pune Supergiants,2
N Rana,Royal Challengers Bangalore,13
N Rana,Sunrisers Hyderabad,18
NK Patel,Mumbai Indians,1
NL McCullum,Rajasthan Royals,1
NLTC Perera,Chennai Super Kings,2
NLTC Perera,Delhi Daredevils,2
NLTC Perera,Kings XI Punjab,6
NLTC Perera,Kolkata Knight Riders,4
NLTC Perera,Mumbai Indians,1
NLTC Perera,Pune Warriors,1
NLTC Perera,Rajasthan Royals,1
NLTC Perera,Royal Challengers Bangalore,8
NLTC Perera,Sunrisers Hyderabad,1
NM Coulter-Nile,Kings XI Punjab,1
NM Coulter-Nile,Mumbai Indians,1
NM Coulter-Nile,Rajasthan Royals,1
NM Coulter-Nile,Rising Pune Supergiants,1
NT Ellis,Sunrisers Hyderabad,1
NV Ojha,Chennai Super Kings,17
NV Ojha,Deccan Chargers,6
NV Ojha,Delhi Daredevils,5
NV Ojha,Gujarat Lions,1
NV Ojha,Kings XI Punjab,20
NV Ojha,Kochi Tuskers Kerala,1
NV Ojha,Kolkata Knight Riders,12
NV Ojha,Mumbai Indians,2
NV Ojha,Pune Warriors,2
NV Ojha,Rajasthan Royals,2
NV Ojha,Rising Pune Supergiants,2
NV Ojha,Royal Challengers Bangalore,9
OA Shah,Chennai Super Kings,3
OA Shah,Deccan Chargers,3
OA Shah,Kings XI Punjab,2
OA Shah,Kolkata Knight Riders,1
OA Shah,Mumbai Indians,6
OA Shah,Rajasthan Royals,2
OA Shah,Royal Challengers Bangalore,6
OC McCoy,Gujarat Titans,1
OF Smith,Kolkata Knight Riders,1
OF Smith,Royal Challengers Bangalore,3
OF Smith,Sunrisers Hyderabad,1
P Dogra,Delhi Daredevils,3
P Dogra,Mumbai Indians,2
P Kumar,Chennai Super Kings,2
P Kumar,Deccan Chargers,2
P Kumar,Kings XI Punjab,1
P Kumar,Kolkata Knight Riders,2
P Kumar,Mumbai Indians,2
P Kumar,Rajasthan Royals,7
P Kumar,Royal Challengers Bangalore,1
P Negi,Chennai Super Kings,1
P Negi,Delhi Daredevils,1
P Negi,Gujarat Lions,2
P Negi,Kings XI Punjab,1
P Negi,Kolkata Knight Riders,2
P Negi,Mumbai Indians,4
P Negi,Rising Pune Supergiants,2
P Negi,Royal Challengers Bangalore,2
P Negi,Sunrisers Hyderabad,1
P Sahu,Delhi Daredevils,1
P Simran Singh,Delhi Capitals,1
P Simran Singh,Sunrisers Hyderabad,1
PA Patel,Chennai Super Kings,9
PA Patel,Delhi Capitals,1
PA Patel,Delhi Daredevils,3
PA Patel,Gujarat Lions,3
PA Patel,Kings XI Punjab,15
PA Patel,Kolkata Knight Riders,2
PA Patel,Mumbai Indians,3
PA Patel,Pune Warriors,1
PA Patel,Rajasthan Royals,6
PA Patel,Rising Pune Supergiants,3
PA Patel,Royal Challengers Bangalore,2
PA Patel,Sunrisers Hyderabad,1
PA Reddy,Kings XI Punjab,1
PA Reddy,Rajasthan Royals,1
PBB Rajapaksa,Chennai Super Kings,3
PBB Rajapaksa,Gujarat Titans,1
PBB Rajapaksa,Kolkata Knight Riders,3
PBB Rajapaksa,Rajasthan Royals,2
PBB Rajapaksa,Royal Challengers Bangalore,4
PC Valthaty,Chennai Super Kings,2
PC Valthaty,Deccan Chargers,5
PC Valthaty,Delhi Daredevils,5
PC Valthaty,Kochi Tuskers Kerala,2
PC Valthaty,Mumbai Indians,2
PC Valthaty,Rajasthan Royals,3
PC Valthaty,Royal Challengers Bangalore,1
PD Collingwood,Deccan Chargers,3
PD Collingwood,Kolkata Knight Riders,2
PD Collingwood,Rajasthan Royals,1
PD Collingwood,Royal Challengers Bangalore,7
PJ Cummins,Chennai Super Kings,7
PJ Cummins,Gujarat Lions,1
PJ Cummins,Mumbai Indians,13
PJ Cummins,Rajasthan Royals,2
PJ Cummins,Rising Pune Supergiants,1
PJ Cummins,Royal Challengers Bangalore,2
PK Garg,Chennai Super Kings,1
PK Garg,Delhi Capitals,2
PK Garg,Kolkata Knight Riders,1
PK Garg,Mumbai Indians,3
PK Garg,Rajasthan Royals,1
PK Garg,Royal Challengers Bangalore,1
PP Chawla,Chennai Super Kings,2
PP Chawla,Deccan Chargers,3
PP Chawla,Delhi Capitals,1
PP Chawla,Delhi Daredevils,1
PP Chawla,Kings XI Punjab,2
PP Chawla,Kolkata Knight Riders,2
PP Chawla,Mumbai Indians,1
PP Chawla,Pune Warriors,1
PP Chawla,Rajasthan Royals,1
PP Chawla,Royal Challengers Bangalore,1
PP Chawla,Sunrisers Hyderabad,3
PP Shaw,Chennai Super Kings,8
PP Shaw,Kings XI Punjab,1
PP Shaw,Kolkata Knight Riders,17
PP Shaw,Lucknow Super Giants,2
PP Shaw,Mumbai Indians,3
PP Shaw,Punjab Kings,6
PP Shaw,Rajasthan Royals,7
PP Shaw,Royal Challengers Bangalore,5
PP Shaw,Sunrisers Hyderabad,6
PR Shah,Deccan Chargers,2
PVD Chameera,Punjab Kings,2
PVD Chameera,Royal Challengers Bangalore,1
PWH de Silva,Chennai Super Kings,1
Q de Kock,Chennai Super Kings,14
Q de Kock,Delhi Capitals,12
Q de Kock,Delhi Daredevils,1
Q de Kock,Gujarat Lions,1
Q de Kock,Gujarat Titans,1
Q de Kock,Kings XI Punjab,9
Q de Kock,Kolkata Knight Riders,24
Q de Kock,Mumbai Indians,5
Q de Kock,Punjab Kings,2
Q de Kock,Rajasthan Royals,12
Q de Kock,Royal Challengers Bangalore,12
Q de Kock,Sunrisers Hyderabad,13
R Ashwin,Chennai Super Kings,4
R Ashwin,Delhi Capitals,2
R Ashwin,Gujarat Titans,1
R Ashwin,Kolkata Knight Riders,3
R Ashwin,Lucknow Super Giants,2
R Ashwin,Mumbai Indians,4
R Ashwin,Rajasthan Royals,2
R Ashwin,Royal Challengers Bangalore,3
R Bhatia,Chennai Super Kings,3
R Bhatia,Delhi Daredevils,2
R Bhatia,Kings XI Punjab,3
R Bhatia,Kolkata Knight Riders,1
R Bhatia,Mumbai Indians,1
R Bhatia,Pune Warriors,1
R Bhatia,Royal Challengers Bangalore,2
R Bishnoi,Kings XI Punjab,2
R Dhawan,Chennai Super Kings,2
R Dhawan,Kolkata Knight Riders,1
R Dhawan,Lucknow Super Giants,1
R Dhawan,Rising Pune Supergiants,1
R Dhawan,Royal Challengers Bangalore,1
R Dravid,Chennai Super Kings,1
R Dravid,Deccan Chargers,7
R Dravid,Delhi Daredevils,4
R Dravid,Kings XI Punjab,1
R Dravid,Kochi Tuskers Kerala,1
R Dravid,Kolkata Knight Riders,4
R Dravid,Pune Warriors,1
R Dravid,Rajasthan Royals,7
R Dravid,Sunrisers Hyderabad,2
R McLaren,Pune Warriors,1
R Parag,Delhi Capitals,3
R Parag,Gujarat Titans,1
R Parag,Kolkata Knight Riders,4
R Parag,Lucknow Super Giants,2
R Parag,Mumbai Indians,1
R Parag,Punjab Kings,3
R Parag,Royal Challengers Bangalore,4
R Parag,Sunrisers Hyderabad,4
R Powell,Gujarat Titans,1
R Powell,Kolkata Knight Riders,4
R Powell,Lucknow Super Giants,2
R Powell,Mumbai Indians,4
R Powell,Rajasthan Royals,5
R Powell,Sunrisers Hyderabad,6
R Rampaul,Delhi Daredevils,1
R Rampaul,Rajasthan Royals,1
R Sathish,Delhi Daredevils,1
R Sathish,Rising Pune Supergiants,1
R Sathish,Royal Challengers Bangalore,2
R Sathish,Sunrisers Hyderabad,2
R Sharma,Kochi Tuskers Kerala,1
R Sharma,Mumbai Indians,1
R Sharma,Rajasthan Royals,1
R Shepherd,Lucknow Super Giants,1
R Shepherd,Punjab Kings,2
R Shepherd,Rajasthan Royals,2
R Tewatia,Chennai Super Kings,2
R Tewatia,Delhi Capitals,3
R Tewatia,Kings XI Punjab,9
R Tewatia,Kolkata Knight Riders,4
R Tewatia,Lucknow Super Giants,2
R Tewatia,Mumbai Indians,1
R Tewatia,Punjab Kings,2
R Tewatia,Royal Challengers Bangalore,8
R Tewatia,Sunrisers Hyderabad,4
R Vinay Kumar,Chennai Super Kings,1
R Vinay Kumar,Delhi Daredevils,1
R Vinay Kumar,Kolkata Knight Riders,1
R Vinay Kumar,Mumbai Indians,1
R Vinay Kumar,Rajasthan Royals,4
R Vinay Kumar,Rising Pune Supergiants,1
RA Jadeja,Chennai Super Kings,5
RA Jadeja,Deccan Chargers,4
RA Jadeja,Delhi Capitals,6
RA Jadeja,Delhi Daredevils,11
RA Jadeja,Gujarat Titans,2
RA Jadeja,Kings XI Punjab,6
RA Jadeja,Kolkata Knight Riders,21
RA Jadeja,Mumbai Indians,8
RA Jadeja,Pune Warriors,7
RA Jadeja,Punjab Kings,1
RA Jadeja,Rajasthan Royals,5
RA Jadeja,Royal Challengers Bangalore,10
RA Jadeja,Sunrisers Hyderabad,4
RA Tripathi,Chennai Super Kings,7
RA Tripathi,Delhi Capitals,6
RA Tripathi,Delhi Daredevils,1
RA Tripathi,Gujarat Lions,2
RA Tripathi,Gujarat Titans,2
RA Tripathi,Kings XI Punjab,2
RA Tripathi,Kolkata Knight Riders,16
RA Tripathi,Lucknow Super Giants,1
RA Tripathi,Mumbai Indians,8
RA Tripathi,Punjab Kings,3
RA Tripathi,Rajasthan Royals,4
RA Tripathi,Royal Challengers Bangalore,10
RA Tripathi,Sunrisers Hyderabad,6
RD Chahar,Chennai Super Kings,1
RD Chahar,Delhi Capitals,2
RD Chahar,Gujarat Titans,1
RD Gaikwad,Delhi Capitals,3
RD Gaikwad,Gujarat Titans,6
RD Gaikwad,Kings XI Punjab,1
RD Gaikwad,Kolkata Knight Riders,10
RD Gaikwad,Mumbai Indians,4
RD Gaikwad,Rajasthan Royals,5
RD Gaikwad,Royal Challengers Bangalore,6
RD Gaikwad,Sunrisers Hyderabad,8
RE Levi,Chennai Super Kings,3
RE Levi,Rajasthan Royals,1
RE van der Merwe,Deccan Chargers,4
RE van der Merwe,Kings XI Punjab,3
RE van der Merwe,Kolkata Knight Riders,1
RG Sharma,Chennai Super Kings,26
RG Sharma,Deccan Chargers,9
RG Sharma,Delhi Capitals,10
RG Sharma,Delhi Daredevils,32
RG Sharma,Gujarat Lions,3
RG Sharma,Gujarat Titans,2
RG Sharma,Kings XI Punjab,29
RG Sharma,Kolkata Knight Riders,37
RG Sharma,Lucknow Super Giants,1
RG Sharma,Mumbai Indians,3
RG Sharma,Pune Warriors,6
RG Sharma,Punjab Kings,4
RG Sharma,Rajasthan Royals,24
RG Sharma,Rising Pune Supergiants,6
RG Sharma,Royal Challengers Bangalore,34
RG Sharma,Sunrisers Hyderabad,15
RJ Harris,Chennai Super Kings,1
RJ Harris,Delhi Daredevils,1
RJ Harris,Royal Challengers Bangalore,1
RJ Peterson,Kings XI Punjab,1
RJ Quiney,Kolkata Knight Riders,1
RJ Quiney,Mumbai Indians,2
RK Singh,Gujarat Titans,1
RK Singh,Lucknow Super Giants,4
RK Singh,Mumbai Indians,1
RK Singh,Rajasthan Royals,1
RK Singh,Sunrisers Hyderabad,2
RM Patidar,Chennai Super Kings,1
RM Patidar,Delhi Capitals,2
RM Patidar,Gujarat Titans,2
RM Patidar,Lucknow Super Giants,7
RM Patidar,Punjab Kings,3
RM Patidar,Rajasthan Royals,4
RM Patidar,Sunrisers Hyderabad,2
RN ten Doeschate,Chennai Super Kings,2
RN ten Doeschate,Delhi Daredevils,1
RN ten Doeschate,Kings XI Punjab,2
RN ten Doeschate,Mumbai Indians,4
RN ten Doeschate,Pune Warriors,2
RN ten Doeschate,Rajasthan Royals,1
RN ten Doeschate,Royal Challengers Bangalore,2
RN ten Doeschate,Sunrisers Hyderabad,1
RP Singh,Chennai Super Kings,1
RR Pant,Chennai Super Kings,11
RR Pant,Gujarat Lions,11
RR Pant,Kings XI Punjab,3
RR Pant,Kolkata Knight Riders,12
RR Pant,Lucknow Super Giants,3
RR Pant,Mumbai Indians,18
RR Pant,Punjab Kings,3
RR Pant,Rajasthan Royals,18
RR Pant,Rising Pune Supergiants,4
RR Pant,Royal Challengers Bangalore,21
RR Pant,Sunrisers Hyderabad,25
RR Powar,Chennai Super Kings,1
RR Raje,Deccan Chargers,1
RR Rossouw,Chennai Super Kings,1
RR Rossouw,Mumbai Indians,2
RR Sarwan,Royal Challengers Bangalore,1
RS Bopara,Chennai Super Kings,2
RS Bopara,Delhi Daredevils,6
RS Bopara,Rajasthan Royals,1
RS Bopara,Royal Challengers Bangalore,7
RT Ponting,Royal Challengers Bangalore,2
RV Gomez,Kolkata Knight Riders,1
RV Patel,Chennai Super Kings,1
RV Uthappa,Chennai Super Kings,20
RV Uthappa,Deccan Chargers,6
RV Uthappa,Delhi Capitals,4
RV Uthappa,Delhi Daredevils,18
RV Uthappa,Gujarat Lions,3
RV Uthappa,Kings XI Punjab,25
RV Uthappa,Kochi Tuskers Kerala,2
RV Uthappa,Kolkata Knight Riders,12
RV Uthappa,Lucknow Super Giants,1
RV Uthappa,Mumbai Indians,26
RV Uthappa,Rajasthan Royals,12
RV Uthappa,Rising Pune Supergiants,6
RV Uthappa,Royal Challengers Bangalore,27
RV Uthappa,Sunrisers Hyderabad,20
Ramandeep Singh,Sunrisers Hyderabad,1
Rashid Khan,Chennai Super Kings,6
Rashid Khan,Delhi Capitals,2
Rashid Khan,Kings XI Punjab,1
Rashid Khan,Kolkata Knight Riders,4
Rashid Khan,Rajasthan Royals,2
Rashid Khan,Royal Challengers Bangalore,3
Rashid Khan,Sunrisers Hyderabad,4
S Anirudha,Deccan Chargers,2
S Anirudha,Kolkata Knight Riders,2
S Anirudha,Mumbai Indians,1
S Anirudha,Rajasthan Royals,2
S Badrinath,Deccan Chargers,1
S Badrinath,Delhi Daredevils,5
S Badrinath,Kings XI Punjab,7
S Badrinath,Kochi Tuskers Kerala,1
S Badrinath,Kolkata Knight Riders,3
S Badrinath,Mumbai Indians,6
S Badrinath,Pune Warriors,3
S Badrinath,Rajasthan Royals,1
S Badrinath,Royal Challengers Bangalore,1
S Dhawan,Chennai Super Kings,21
S Dhawan,Delhi Daredevils,14
S Dhawan,Gujarat Lions,1
S Dhawan,Gujarat Titans,1
S Dhawan,Kings XI Punjab,13
S Dhawan,Kolkata Knight Riders,20
S Dhawan,Mumbai Indians,22
S Dhawan,Pune Warriors,3
S Dhawan,Punjab Kings,4
S Dhawan,Rajasthan Royals,11
S Dhawan,Rising Pune Supergiants,4
S Dhawan,Royal Challengers Bangalore,17
S Dhawan,Sunrisers Hyderabad,6
S Dube,Chennai Super Kings,5
S Dube,Delhi Capitals,6
S Dube,Kings XI Punjab,3
S Dube,Kolkata Knight Riders,2
S Dube,Lucknow Super Giants,2
S Dube,Mumbai Indians,7
S Dube,Punjab Kings,3
S Dube,Royal Challengers Bangalore,10
S Gopal,Chennai Super Kings,1
S Gopal,Royal Challengers Bangalore,1
S Rana,Kings XI Punjab,1
S Sohal,Chennai Super Kings,4
S Sohal,Deccan Chargers,2
S Sohal,Delhi Daredevils,1
S Sohal,Kolkata Knight Riders,3
S Sohal,Mumbai Indians,5
S Sohal,Pune Warriors,2
S Sohal,Royal Challengers Bangalore,1
S Vidyut,Delhi Daredevils,2
S Vidyut,Rajasthan Royals,1
SA Abbott,Delhi Capitals,1
SA Abbott,Sunrisers Hyderabad,1
SA Asnodkar,Chennai Super Kings,4
SA Asnodkar,Deccan Chargers,1
SA Asnodkar,Delhi Daredevils,2
SA Asnodkar,Kolkata Knight Riders,1
SA Asnodkar,Mumbai Indians,1
SA Asnodkar,Royal Challengers Bangalore,1
SA Yadav,Chennai Super Kings,4
SA Yadav,Delhi Capitals,6
SA Yadav,Delhi Daredevils,4
SA Yadav,Gujarat Lions,1
SA Yadav,Gujarat Titans,1
SA Yadav,Kings XI Punjab,9
SA Yadav,Kolkata Knight Riders,12
SA Yadav,Mumbai Indians,6
SA Yadav,Punjab Kings,5
SA Yadav,Rajasthan Royals,11
SA Yadav,Rising Pune Supergiants,4
SA Yadav,Royal Challengers Bangalore,13
SA Yadav,Sunrisers Hyderabad,8
SB Bangar,Kolkata Knight Riders,1
SB Bangar,Royal Challengers Bangalore,2
SB Styris,Chennai Super Kings,1
SB Styris,Rajasthan Royals,1
SB Styris,Royal Challengers Bangalore,1
SC Ganguly,Deccan Chargers,13
SC Ganguly,Delhi Daredevils,5
SC Ganguly,Kings XI Punjab,9
SC Ganguly,Kolkata Knight Riders,2
SC Ganguly,Mumbai Indians,3
SC Ganguly,Rajasthan Royals,7
SC Ganguly,Royal Challengers Bangalore,3
SD Chitnis,Delhi Daredevils,1
SD Chitnis,Kings XI Punjab,1
SD Lad,Kings XI Punjab,1
SE Marsh,Chennai Super Kings,13
SE Marsh,Deccan Chargers,4
SE Marsh,Delhi Daredevils,9
SE Marsh,Gujarat Lions,1
SE Marsh,Kochi Tuskers Kerala,2
SE Marsh,Kolkata Knight Riders,4
SE Marsh,Mumbai Indians,13
SE Marsh,Pune Warriors,2
SE Marsh,Rajasthan Royals,17
SE Marsh,Royal Challengers Bangalore,9
SE Marsh,Sunrisers Hyderabad,4
SE Rutherford,Chennai Super Kings,1
SE Rutherford,Kolkata Knight Riders,1
SE Rutherford,Rajasthan Royals,2
SE Rutherford,Royal Challengers Bangalore,3
SE Rutherford,Sunrisers Hyderabad,1
SK Raina,Deccan Chargers,13
SK Raina,Delhi Capitals,6
SK Raina,Delhi Daredevils,19
SK Raina,Kings XI Punjab,36
SK Raina,Kochi Tuskers Kerala,3
SK Raina,Kolkata Knight Riders,28
SK Raina,Mumbai Indians,35
SK Raina,Pune Warriors,3
SK Raina,Rajasthan Royals,16
SK Raina,Rising Pune Supergiants,1
SK Raina,Royal Challengers Bangalore,31
SK Raina,Sunrisers Hyderabad,13
SK Trivedi,Delhi Daredevils,1
SK Warne,Chennai Super Kings,1
SK Warne,Deccan Chargers,4
SK Warne,Delhi Daredevils,1
SL Malinga,Chennai Super Kings,1
SL Malinga,Kolkata Knight Riders,1
SL Malinga,Pune Warriors,1
SL Malinga,Rising Pune Supergiants,1
SL Malinga,Royal Challengers Bangalore,1
SM Curran,Delhi Capitals,3
SM Curran,Kolkata Knight Riders,3
SM Curran,Mumbai Indians,4
SM Curran,Rajasthan Royals,4
SM Curran,Sunrisers Hyderabad,4
SM Katich,Chennai Super Kings,5
SM Katich,Delhi Daredevils,2
SM Katich,Kolkata Knight Riders,1
SM Pollock,Chennai Super Kings,1
SM Pollock,Deccan Chargers,1
SM Pollock,Delhi Daredevils,3
SM Pollock,Kings XI Punjab,1
SM Pollock,Royal Challengers Bangalore,2
SN Khan,Chennai Super Kings,3
SN Khan,Mumbai Indians,3
SN Khan,Punjab Kings,1
SN Khan,Rajasthan Royals,2
SN Khan,Royal Challengers Bangalore,1
SN Khan,Sunrisers Hyderabad,3
SN Thakur,Chennai Super Kings,1
SN Thakur,Kolkata Knight Riders,3
SN Thakur,Mumbai Indians,1
SN Thakur,Rajasthan Royals,1
SN Thakur,Royal Challengers Bangalore,2
SO Hetmyer,Chennai Super Kings,2
SO Hetmyer,Gujarat Titans,1
SO Hetmyer,Kings XI Punjab,1
SO Hetmyer,Kolkata Knight Riders,8
SO Hetmyer,Lucknow Super Giants,6
SO Hetmyer,Mumbai Indians,3
SO Hetmyer,Punjab Kings,4
SO Hetmyer,Rajasthan Royals,5
SO Hetmyer,Royal Challengers Bangalore,9
SO Hetmyer,Sunrisers Hyderabad,13
SP Fleming,Rajasthan Royals,1
SP Fleming,Royal Challengers Bangalore,2
SP Goswami,Delhi Daredevils,1
SP Goswami,Kolkata Knight Riders,2
SP Jackson,Sunrisers Hyderabad,1
SP Narine,Chennai Super Kings,8
SP Narine,Delhi Capitals,6
SP Narine,Delhi Daredevils,3
SP Narine,Gujarat Lions,1
SP Narine,Kings XI Punjab,10
SP Narine,Lucknow Super Giants,4
SP Narine,Mumbai Indians,2
SP Narine,Rajasthan Royals,8
SP Narine,Royal Challengers Bangalore,15
SP Narine,Sunrisers Hyderabad,6
SPD Smith,Chennai Super Kings,10
SPD Smith,Deccan Chargers,5
SPD Smith,Delhi Capitals,1
SPD Smith,Delhi Daredevils,4
SPD Smith,Gujarat Lions,6
SPD Smith,Kings XI Punjab,6
SPD Smith,Kolkata Knight Riders,3
SPD Smith,Mumbai Indians,12
SPD Smith,Royal Challengers Bangalore,8
SPD Smith,Sunrisers Hyderabad,5
SR Tendulkar,Chennai Super Kings,5
SR Tendulkar,Deccan Chargers,2
SR Tendulkar,Delhi Daredevils,4
SR Tendulkar,Kings XI Punjab,2
SR Tendulkar,Kochi Tuskers Kerala,3
SR Tendulkar,Kolkata Knight Riders,7
SR Tendulkar,Pune Warriors,1
SR Tendulkar,Rajasthan Royals,3
SR Tendulkar,Royal Challengers Bangalore,1
SR Tendulkar,Sunrisers Hyderabad,1
SR Watson,Chennai Super Kings,27
SR Watson,Deccan Chargers,4
SR Watson,Delhi Capitals,8
SR Watson,Delhi Daredevils,24
SR Watson,Kings XI Punjab,18
SR Watson,Kochi Tuskers Kerala,5
SR Watson,Kolkata Knight Riders,20
SR Watson,Mumbai Indians,21
SR Watson,Pune Warriors,9
SR Watson,Rajasthan Royals,13
SR Watson,Rising Pune Supergiants,2
SR Watson,Royal Challengers Bangalore,9
SR Watson,Sunrisers Hyderabad,30
SS Iyer,Chennai Super Kings,4
SS Iyer,Delhi Capitals,2
SS Iyer,Gujarat Lions,4
SS Iyer,Gujarat Titans,1
SS Iyer,Kings XI Punjab,10
SS Iyer,Kolkata Knight Riders,23
SS Iyer,Lucknow Super Giants,3
SS Iyer,Mumbai Indians,11
SS Iyer,Rajasthan Royals,17
SS Iyer,Royal Challengers Bangalore,10
SS Iyer,Sunrisers Hyderabad,14
SS Prabhudessai,Chennai Super Kings,1
SS Prabhudessai,Lucknow Super Giants,1
SS Tiwary,Chennai Super Kings,4
SS Tiwary,Deccan Chargers,4
SS Tiwary,Delhi Daredevils,7
SS Tiwary,Kings XI Punjab,4
SS Tiwary,Kolkata Knight Riders,5
SS Tiwary,Mumbai Indians,5
SS Tiwary,Pune Warriors,6
SS Tiwary,Punjab Kings,2
SS Tiwary,Rajasthan Royals,7
SS Tiwary,Royal Challengers Bangalore,5
SS Tiwary,Sunrisers Hyderabad,1
ST Jayasuriya,Chennai Super Kings,13
ST Jayasuriya,Deccan Chargers,2
ST Jayasuriya,Delhi Daredevils,6
ST Jayasuriya,Kings XI Punjab,2
ST Jayasuriya,Kolkata Knight Riders,8
ST Jayasuriya,Rajasthan Royals,2
ST Jayasuriya,Royal Challengers Bangalore,6
STR Binny,Chennai Super Kings,8
STR Binny,Delhi Daredevils,3
STR Binny,Gujarat Lions,1
STR Binny,Kings XI Punjab,8
STR Binny,Kolkata Knight Riders,4
STR Binny,Mumbai Indians,4
STR Binny,Pune Warriors,2
STR Binny,Rising Pune Supergiants,1
STR Binny,Royal Challengers Bangalore,1
STR Binny,Sunrisers Hyderabad,3
SV Samson,Chennai Super Kings,13
SV Samson,Delhi Capitals,6
SV Samson,Delhi Daredevils,7
SV Samson,Gujarat Lions,8
SV Samson,Gujarat Titans,4
SV Samson,Kings XI Punjab,22
SV Samson,Kolkata Knight Riders,13
SV Samson,Mumbai Indians,20
SV Samson,Punjab Kings,7
SV Samson,Rising Pune Supergiants,5
SV Samson,Royal Challengers Bangalore,27
SV Samson,Sunrisers Hyderabad,26
SW Billings,Chennai Super Kings,1
SW Billings,Delhi Capitals,1
SW Billings,Kolkata Knight Riders,7
SW Billings,Lucknow Super Giants,3
SW Billings,Mumbai Indians,2
SW Billings,Punjab Kings,1
SW Billings,Rising Pune Supergiants,2
SW Billings,Royal Challengers Bangalore,2
SW Billings,Sunrisers Hyderabad,1
SW Tait,Delhi Daredevils,1
Sachin Baby,Kolkata Knight Riders,1
Sachin Baby,Mumbai Indians,2
Sachin Baby,Sunrisers Hyderabad,2
Salman Butt,Chennai Super Kings,1
Salman Butt,Mumbai Indians,1
Shahbaz Ahmed,Delhi Capitals,1
Shahbaz Ahmed,Kolkata Knight Riders,3
Shahbaz Ahmed,Punjab Kings,1
Shahbaz Ahmed,Rajasthan Royals,5
Shahbaz Ahmed,Sunrisers Hyderabad,1
Shahid Afridi,Chennai Super Kings,2
Shahid Afridi,Delhi Daredevils,2
Shahid Afridi,Kings XI Punjab,1
Shahid Afridi,Rajasthan Royals,1
Shakib Al Hasan,Chennai Super Kings,4
Shakib Al Hasan,Delhi Daredevils,1
Shakib Al Hasan,Gujarat Lions,4
Shakib Al Hasan,Kings XI Punjab,2
Shakib Al Hasan,Kolkata Knight Riders,1
Shakib Al Hasan,Pune Warriors,2
Shakib Al Hasan,Rajasthan Royals,2
Shakib Al Hasan,Royal Challengers Bangalore,5
Shashank Singh,Gujarat Titans,3
Shashank Singh,Royal Challengers Bangalore,1
Shivam Mavi,Chennai Super Kings,2
Shubman Gill,Chennai Super Kings,2
Shubman Gill,Delhi Capitals,11
Shubman Gill,Delhi Daredevils,1
Shubman Gill,Kings XI Punjab,6
Shubman Gill,Mumbai Indians,8
Shubman Gill,Punjab Kings,1
Shubman Gill,Rajasthan Royals,6
Shubman Gill,Royal Challengers Bangalore,5
Shubman Gill,Sunrisers Hyderabad,7
Sohail Tanvir,Kolkata Knight Riders,1
Sunny Singh,Chennai Super Kings,1
T Banton,Royal Challengers Bangalore,1
T Henderson,Royal Challengers Bangalore,1
T Kohli,Delhi Daredevils,1
TA Boult,Chennai Super Kings,1
TA Boult,Gujarat Titans,1
TG Southee,Chennai Super Kings,1
TG Southee,Gujarat Lions,2
TG Southee,Rising Pune Supergiants,1
TH David,Chennai Super Kings,2
TH David,Delhi Capitals,5
TH David,Gujarat Titans,4
TH David,Rajasthan Royals,1
TH David,Sunrisers Hyderabad,4
TK Curran,Kolkata Knight Riders,3
TL Suman,Chennai Super Kings,2
TL Suman,Deccan Chargers,2
TL Suman,Delhi Daredevils,2
TL Suman,Kings XI Punjab,6
TL Suman,Kolkata Knight Riders,2
TL Suman,Mumbai Indians,3
TL Suman,Pune Warriors,3
TL Suman,Rajasthan Royals,3
TL Suman,Royal Challengers Bangalore,3
TM Dilshan,Chennai Super Kings,3
TM Dilshan,Deccan Chargers,8
TM Dilshan,Kochi Tuskers Kerala,1
TM Dilshan,Kolkata Knight Riders,1
TM Dilshan,Mumbai Indians,5
TM Dilshan,Pune Warriors,1
TM Dilshan,Rajasthan Royals,3
TM Dilshan,Royal Challengers Bangalore,2
TM Head,Gujarat Lions,1
TM Head,Kolkata Knight Riders,5
TM Head,Mumbai Indians,2
TR Birt,Kings XI Punjab,1
TR Birt,Kochi Tuskers Kerala,1
TS Mills,Sunrisers Hyderabad,1
TU Deshpande,Sunrisers Hyderabad,1
Tilak Varma,Chennai Super Kings,2
Tilak Varma,Delhi Capitals,1
Tilak Varma,Kolkata Knight Riders,2
Tilak Varma,Lucknow Super Giants,2
Tilak Varma,Punjab Kings,2
Tilak Varma,Rajasthan Royals,7
UBT Chand,Chennai Super Kings,1
UBT Chand,Kings XI Punjab,3
UBT Chand,Rajasthan Royals,1
UBT Chand,Royal Challengers Bangalore,4
UT Khawaja,Delhi Daredevils,1
UT Khawaja,Kings XI Punjab,1
UT Khawaja,Royal Challengers Bangalore,1
UT Yadav,Chennai Super Kings,1
UT Yadav,Gujarat Titans,1
UT Yadav,Rajasthan Royals,3
UT Yadav,Rising Pune Supergiants,1
UT Yadav,Royal Challengers Bangalore,1
UT Yadav,Sunrisers Hyderabad,1
Umar Gul,Kings XI Punjab,3
Umar Gul,Rajasthan Royals,1
Umar Gul,Royal Challengers Bangalore,1
V Kohli,Chennai Super Kings,37
V Kohli,Deccan Chargers,14
V Kohli,Delhi Capitals,5
V Kohli,Delhi Daredevils,22
V Kohli,Gujarat Lions,11
V Kohli,Gujarat Titans,3
V Kohli,Kings XI Punjab,18
V Kohli,Kolkata Knight Riders,22
V Kohli,Mumbai Indians,27
V Kohli,Pune Warriors,5
V Kohli,Punjab Kings,5
V Kohli,Rajasthan Royals,18
V Kohli,Rising Pune Supergiants,11
V Kohli,Sunrisers Hyderabad,21
V Sehwag,Chennai Super Kings,18
V Sehwag,Deccan Chargers,12
V Sehwag,Delhi Daredevils,3
V Sehwag,Kings XI Punjab,14
V Sehwag,Kochi Tuskers Kerala,6
V Sehwag,Kolkata Knight Riders,8
V Sehwag,Mumbai Indians,17
V Sehwag,Pune Warriors,9
V Sehwag,Rajasthan Royals,11
V Sehwag,Royal Challengers Bangalore,5
V Sehwag,Sunrisers Hyderabad,3
V Shankar,Chennai Super Kings,9
V Shankar,Delhi Capitals,2
V Shankar,Kolkata Knight Riders,4
V Shankar,Mumbai Indians,4
V Shankar,Rajasthan Royals,4
V Shankar,Royal Challengers Bangalore,4
V Shankar,Sunrisers Hyderabad,1
VH Zol,Chennai Super Kings,1
VR Aaron,Kings XI Punjab,1
VR Aaron,Sunrisers Hyderabad,1
VR Iyer,Chennai Super Kings,3
VR Iyer,Delhi Capitals,5
VR Iyer,Mumbai Indians,8
VR Iyer,Punjab Kings,1
VR Iyer,Rajasthan Royals,2
VR Iyer,Royal Challengers Bangalore,2
VVS Laxman,Kolkata Knight Riders,2
VVS Laxman,Mumbai Indians,1
VVS Laxman,Royal Challengers Bangalore,2
Vishnu Vinod,Delhi Daredevils,1
W Jaffer,Chennai Super Kings,2
W Jaffer,Delhi Daredevils,1
WD Parnell,Deccan Chargers,1
WP Saha,Chennai Super Kings,7
WP Saha,Deccan Chargers,1
WP Saha,Delhi Capitals,3
WP Saha,Delhi Daredevils,3
WP Saha,Gujarat Lions,1
WP Saha,Kings XI Punjab,6
WP Saha,Kochi Tuskers Kerala,3
WP Saha,Kolkata Knight Riders,22
WP Saha,Mumbai Indians,10
WP Saha,Pune Warriors,1
WP Saha,Punjab Kings,1
WP Saha,Rajasthan Royals,2
WP Saha,Rising Pune Supergiants,1
WP Saha,Royal Challengers Bangalore,11
WP Saha,Sunrisers Hyderabad,4
WPUJC Vaas,Delhi Daredevils,1
WPUJC Vaas,Kings XI Punjab,1
WPUJC Vaas,Rajasthan Royals,1
Washington Sundar,Chennai Super Kings,2
Washington Sundar,Kings XI Punjab,1
Washington Sundar,Punjab Kings,1
Washington Sundar,Rajasthan Royals,5
Y Nagar,Chennai Super Kings,1
Y Nagar,Deccan Chargers,3
Y Nagar,Kings XI Punjab,1
Y Nagar,Kolkata Knight Riders,2
Y Nagar,Rajasthan Royals,2
Y Venugopal Rao,Chennai Super Kings,6
Y Venugopal Rao,Delhi Daredevils,2
Y Venugopal Rao,Kings XI Punjab,5
Y Venugopal Rao,Kolkata Knight Riders,6
Y Venugopal Rao,Mumbai Indians,5
Y Venugopal Rao,Pune Warriors,3
Y Venugopal Rao,Rajasthan Royals,5
Y Venugopal Rao,Royal Challengers Bangalore,5
YBK Jaiswal,Chennai Super Kings,4
YBK Jaiswal,Delhi Capitals,3
YBK Jaiswal,Gujarat Titans,2
YBK Jaiswal,Lucknow Super Giants,1
YBK Jaiswal,Mumbai Indians,2
YBK Jaiswal,Punjab Kings,4
YBK Jaiswal,Royal Challengers Bangalore,4
YBK Jaiswal,Sunrisers Hyderabad,2
YK Pathan,Chennai Super Kings,18
YK Pathan,Deccan Chargers,22
YK Pathan,Delhi Daredevils,24
YK Pathan,Gujarat Lions,2
YK Pathan,Kings XI Punjab,17
YK Pathan,Kochi Tuskers Kerala,1
YK Pathan,Kolkata Knight Riders,10
YK Pathan,Mumbai Indians,20
YK Pathan,Pune Warriors,4
YK Pathan,Rajasthan Royals,6
YK Pathan,Rising Pune Supergiants,5
YK Pathan,Royal Challengers Bangalore,17
YK Pathan,Sunrisers Hyderabad,15
YV Takawale,Kolkata Knight Riders,1
YV Takawale,Rajasthan Royals,2
Yuvraj Singh,Chennai Super Kings,13
Yuvraj Singh,Deccan Chargers,4
Yuvraj Singh,Delhi Capitals,3
Yuvraj Singh,Delhi Daredevils,29
Yuvraj Singh,Kings XI Punjab,13
Yuvraj Singh,Kolkata Knight Riders,20
Yuvraj Singh,Mumbai Indians,12
Yuvraj Singh,Rajasthan Royals,28
Yuvraj Singh,Rising Pune Supergiants,4
Yuvraj Singh,Royal Challengers Bangalore,21
Yuvraj Singh,Sunrisers Hyderabad,2
Z Khan,Chennai Super Kings,1
Z Khan,Royal Challengers Bangalore,1
